[{"user":{"username":"desc","position":"Spectator","avatar":"Spiral Shell","name":"Description"},"datetime":"2025-05-09T08:45:08.566Z","content":"There will be 1 Attacker and 1 Defender. Other users are spectators."},{"user":{"username":"desc","position":"Spectator","avatar":"Spiral Shell","name":"Description"},"datetime":"2025-05-09T08:45:38.321Z","content":"Attacker: Hold some gems initially. Use these gems to buy monster or trap to attack defender. Gems will be automatically given to Attacker over time."},{"user":{"username":"desc","position":"Spectator","avatar":"Spiral Shell","name":"Description"},"datetime":"2025-05-09T08:46:30.060Z","content":"Defender: Maximum HP = 3. Survive in the game area for a finite amount of time. Collect healing item to increase HP by 1. Collect gems which are randomly generated in the game area. Whenever Defender collects a gem, Attacker will lose a gem. Shoot to kill monster. (infinite bullet)."},{"user":{"username":"inst","position":"Spectator","avatar":"Owl","name":"Instruction"},"datetime":"2025-05-09T08:50:25.842Z","content":"Defender: Arrow Keys to control movement. Spacebar to Shoot."},{"user":{"username":"inst","position":"Spectator","avatar":"Owl","name":"Instruction"},"datetime":"2025-05-09T08:51:05.377Z","content":"Attacker: Click on shop item to buy. LeftShift to activate cheat mode: Get more gems. Monster moves faster."},{"user":{"username":"inst","position":"Spectator","avatar":"Owl","name":"Instruction"},"datetime":"2025-05-09T08:53:01.413Z","content":"============================================================="},{"user":{"username":"john","position":"Spectator","avatar":"Frog","name":"John"},"datetime":"2025-05-09T08:54:45.930Z","content":"hello"},{"user":{"username":"mary","position":"Spectator","avatar":"Fish","name":"Mary"},"datetime":"2025-05-09T08:55:40.529Z","content":"hi"},{"user":{"username":"john","position":"Attacker","avatar":"Frog","name":"John"},"datetime":"2025-05-09T09:41:06.502Z","content":"hi"},{"user":{"username":"john","position":"Attacker","avatar":"Frog","name":"John"},"datetime":"2025-05-09T09:51:19.395Z","content":"chi"},{"user":{"username":"john","position":"Attacker","avatar":"Frog","name":"John"},"datetime":"2025-05-09T09:54:58.782Z","content":"hello"},{"user":{"username":"john","position":"Attacker","avatar":"Frog","name":"John"},"datetime":"2025-05-09T09:57:01.284Z","content":"hi"}]