[{"user":{"username":"tony","avatar":"Owl","name":"Tony Lee"},"datetime":"2022-01-01T01:00:00.000Z","content":"Hi, welcome to the chatroom!"},{"username":{"username":"test1","avatar":"Hamster","name":"test1"},"time":"2025-04-24T10:04:42.557Z","content":"hi"},{"user":{"username":"test1","avatar":"Hamster","name":"test1"},"datatime":"2025-04-24T10:06:10.983Z","content":"hi"},{"user":{"username":"test1","avatar":"Hamster","name":"test1"},"datatime":"4/24/2025, 6:08:55 PM","content":"hi"},{"user":{"username":"test1","avatar":"Hamster","name":"test1"},"datatime":"2025-04-24T10:10:47.034Z","content":"hi"},{"user":{"username":"test1","avatar":"Hamster","name":"test1"},"datetime":"2025-04-24T10:12:26.928Z","content":"hi"},{"user":{"username":"test1","avatar":"Hamster","name":"test1"},"datetime":"2025-04-24T10:12:42.742Z","content":"hi"},{"user":{"username":"test1","avatar":"Hamster","name":"test1"},"datetime":"2025-04-24T12:16:45.963Z","content":"hi"},{"user":{"username":"test1","avatar":"Hamster","name":"test1"},"datetime":"2025-04-24T12:42:13.055Z","content":"hi"},{"user":{"username":"test1","avatar":"Hamster","name":"test1"},"datetime":"2025-04-24T12:45:19.323Z","content":"hi"},{"user":{"username":"test1","avatar":"Hamster","name":"test1"},"datetime":"2025-04-24T12:45:27.222Z","content":"hi"},{"user":{"username":"test1","avatar":"Hamster","name":"test1"},"datetime":"2025-04-24T14:28:27.443Z","content":"hi"},{"user":{"username":"test2","avatar":"Rabbit Face","name":"test2"},"datetime":"2025-04-24T14:28:33.302Z","content":"hi"},{"user":{"username":"test1","avatar":"Hamster","name":"test1"},"datetime":"2025-04-24T14:33:23.835Z","content":"hihihi"},{"user":{"username":"test1","avatar":"Hamster","name":"test1"},"datetime":"2025-04-24T14:33:27.310Z","content":"lalala"},{"user":{"username":"test1","avatar":"Hamster","name":"test1"},"datetime":"2025-04-24T14:33:52.664Z","content":"hi"},{"user":{"username":"test2","avatar":"Rabbit Face","name":"test2"},"datetime":"2025-04-24T14:33:56.430Z","content":"hi"},{"user":{"username":"dfder","position":"Defender","avatar":"Rabbit","name":"def"},"datetime":"2025-05-07T15:54:58.284Z","content":"test"},{"user":{"username":"atker","position":"Attacker","avatar":"Dragon","name":"Att"},"datetime":"2025-05-07T15:55:06.246Z","content":"testing"},{"user":{"username":"desc","position":"Spectator","avatar":"Spiral Shell","name":"Description"},"datetime":"2025-05-08T13:37:11.959Z","content":"There will be 1 Defender and 1 Attacker"}]