{"tony":{"avatar":"Owl","position":"Spectator","name":"Tony Lee","password":"$2b$10$Yxb2fSgA5RFn9Oz9TxjLLuve/GiPXCs2DWVFhyFDr4qz39qglwp8e"},"may":{"avatar":"Rabbit","position":"Spectator","name":"May Wong","password":"$2b$10$gLc3Ri9W6P650EKKbexw6uvirV8Bar7gmvAtMcoMiPiR3rsY50GVu"},"test1":{"avatar":"Hamster","position":"Attacker","name":"test1","hash":"$2b$10$7U3rZraT6LIY08Qu.gxDzelT/6d4ja3zkP5Xs5w/X0pZZs/ZP7B3u"},"test4":{"avatar":"Hamster","position":"Spectator","name":"test4","hash":"$2b$10$WAIugqvclKXmojSWybQ4a.HCzA56QrwsWf4fT94dbTE1KOQwCE7oS"},"test2":{"avatar":"Rabbit Face","position":"Defender","name":"test2","hash":"$2b$10$bzLRwK8W/67c0oQrP6bAUuNBkTL/mPGyBXlbSSWroUcLj/3B7JQca"},"test":{"avatar":"Hamster","position":"Defender","name":"abc","hash":"$2b$10$SDKuS7lVFrDntJdRz27VrugtAemFg9oMVKh73Nl2fb2SPulrSVZHG"},"atker":{"avatar":"Dragon","position":"Attacker","name":"Att","hash":"$2b$10$yVLscNK8Thp1UNTZR6MOBOLX0EQ2qHNgUSAVRNz1SbGXlFELTaO0u"},"dfder":{"avatar":"Rabbit","position":"Defender","name":"def","hash":"$2b$10$zcCDCpgHtIJfy8kw/pSWy.YS/lkOCO3XN2t6JxoggEfuor59Vk0SC"},"desc":{"avatar":"Spiral Shell","position":"Spectator","name":"Description","hash":"$2b$10$TaxUDUX6xOTHCDUwPby6SuDm9DwkSBJfFZ0N83fPwrLvAAbeVw/vC"}}